ID,PERGUNTA,RESPOSTA
1,Quais são os serviços oferecidos pelo Porto do Itaqui?,"O Porto do Itaqui é um dos maiores portos do Brasil e oferece uma ampla gama de serviços, incluindo atracação de navios, movimentação de cargas, armazenamento de mercadorias e muito mais. Para obter mais informações, você pode visitar nosso site oficial."
2,Qual é a localização exata do Porto do Itaqui?,"O Porto do Itaqui está localizado na cidade de São Luís, no estado do Maranhão, no Brasil. O porto possui uma localização estratégica, situado na Baía de São Marcos, e é um dos principais portos do nordeste do Brasil, sendo um importante ponto de entrada e saída de mercadorias para a região."
3,Como faço para agendar o embarque de mercadorias no Porto do Itaqui?,"Para agendar o embarque de mercadorias no Porto do Itaqui, entre em contato com nosso departamento de agendamento através do telefone [Número de Contato]. Eles ficarão felizes em ajudá-lo a reservar um espaço de atracação."
3,Quero agendar o embarque de mercadorias no Porto do Itaqui. Como devo proceder?,"Para agendar o embarque de mercadorias, entre em contato com nosso departamento de agendamento pelo telefone [Número de Contato]. Eles estão prontos para auxiliá-lo na reserva de um espaço de atracação."
3,Como posso agendar o embarque de mercadorias para um evento no Porto do Itaqui?,"Se você deseja agendar o embarque de mercadorias para um evento especial no Porto do Itaqui, entre em contato com nosso departamento de agendamento. Eles irão orientá-lo na reserva de espaço de atracação."
3,É possível agendar o embarque de mercadorias para balsas no Porto do Itaqui? Como faço isso?,"Se você precisa agendar o embarque de mercadorias para balsas no Porto do Itaqui, entre em contato com nosso departamento de agendamento. Eles vão ajudá-lo a reservar o espaço necessário."
3,Quais são os procedimentos para agendar o embarque de mercadorias no Porto do Itaqui?,"Os procedimentos para agendar o embarque de mercadorias estão sob a supervisão do nosso departamento de agendamento. Para detalhes, entre em contato com eles pelo telefone [Número de Contato]."
3,Como faço para agendar o embarque de mercadorias no Porto do Itaqui para um evento especial?,"Para agendar o embarque de mercadorias para eventos especiais no Porto do Itaqui, entre em contato com nosso departamento de agendamento. Eles estarão disponíveis para reservar espaço de atracação."
3,Quero agendar o embarque de mercadorias no Porto do Itaqui para um evento. Como devo proceder?,"Se você deseja agendar o embarque de mercadorias para um evento no Porto do Itaqui, entre em contato com nosso departamento de agendamento. Eles estão prontos para auxiliá-lo na reserva de espaço de atracação."
3,Como faço para agendar o embarque de mercadorias para balsas no Porto do Itaqui?,"Para agendar o embarque de mercadorias para balsas no Porto do Itaqui, entre em contato com nosso departamento de agendamento. Eles irão ajudá-lo a reservar o espaço necessário."
3,Quais são os procedimentos para agendar o embarque de mercadorias no Porto do Itaqui para balsas?,"Os procedimentos para agendar o embarque de mercadorias para balsas estão sob a supervisão do nosso departamento de agendamento. Para detalhes, entre em contato com eles pelo telefone [Número de Contato]."
3,Como faço para agendar o embarque de mercadorias no Porto do Itaqui para balsas?,"Para agendar o embarque de mercadorias para balsas no Porto do Itaqui, entre em contato com nosso departamento de agendamento. Eles irão ajudá-lo a reservar o espaço necessário."

4,Quais são as tarifas de atracação no Porto do Itaqui?,"As tarifas de atracação no Porto do Itaqui podem variar com base no tipo de carga e volume. Para obter detalhes específicos sobre as tarifas, entre em contato com nosso departamento de finanças no [Número de Contato]."
5,Quais são os documentos necessários para importação/exportação?,Os documentos necessários para importação/exportação incluem [Lista de Documentos]. Os procedimentos aduaneiros variam de acordo com o tipo de mercadoria. Recomendamos entrar em contato com a Receita Federal para obter orientações específicas.
6,Quais são as medidas de segurança adotadas no Porto do Itaqui?,"A segurança é uma prioridade no Porto do Itaqui. Temos equipes de segurança dedicadas 24 horas por dia e medidas rigorosas de controle de acesso. Para relatar incidentes de segurança, ligue para [Número de Emergência]."
7,Quais iniciativas sustentáveis o Porto do Itaqui implementa?,"Estamos comprometidos com a sustentabilidade ambiental. Implementamos práticas sustentáveis, incluindo [Exemplos de Práticas Sustentáveis]. Saiba mais em nosso site"
8,Quais são as opções de transporte disponíveis para chegar ao Porto do Itaqui?,"Oferecemos várias opções de transporte para o Porto do Itaqui, incluindo rodovias, ferrovias e acesso por mar. Nossas conexões ferroviárias estão disponíveis via [Nome da Ferrovia]"
9,Como posso fazer uma reclamação sobre os serviços do porto?,"Para fazer uma reclamação sobre nossos serviços, você pode preencher um formulário de reclamação em nosso site ou entrar em contato com nosso serviço de atendimento ao cliente pelo telefone [Número de Contato]."
9,Quero fornecer feedback sobre os serviços do porto. Como posso fazer isso?,"Para fornecer feedback sobre nossos serviços, você pode preencher um formulário de feedback em nosso site ou entrar em contato com nosso serviço de atendimento ao cliente pelo telefone [Número de Contato]."
9,Qual é o procedimento para fazer uma reclamação sobre os serviços do porto?,"O procedimento para fazer uma reclamação sobre nossos serviços envolve preencher um formulário de reclamação em nosso site ou entrar em contato com nosso serviço de atendimento ao cliente pelo telefone [Número de Contato]."
9,Como faço para expressar minha insatisfação com os serviços do porto?,"Para expressar sua insatisfação com nossos serviços, você pode preencher um formulário de reclamação em nosso site ou entrar em contato com nosso serviço de atendimento ao cliente pelo telefone [Número de Contato]."
9,Quero dar um feedback sobre a qualidade dos serviços do porto. Qual é o processo?,"Para dar feedback sobre a qualidade de nossos serviços, você pode preencher um formulário de feedback em nosso site ou entrar em contato com nosso serviço de atendimento ao cliente pelo telefone [Número de Contato]."
9,Como posso fazer uma reclamação sobre os serviços de logística do porto?,"Para fazer uma reclamação sobre os serviços de logística, você pode preencher um formulário de reclamação em nosso site ou entrar em contato com nosso serviço de atendimento ao cliente pelo telefone [Número de Contato]."
9,Como faço para fornecer feedback sobre a experiência de transporte no porto?,"Para fornecer feedback sobre a experiência de transporte no porto, você pode preencher um formulário de feedback em nosso site ou entrar em contato com nosso serviço de atendimento ao cliente pelo telefone [Número de Contato]."
9,Qual é a maneira correta de fazer uma reclamação sobre os serviços oferecidos?,"A maneira correta de fazer uma reclamação sobre os serviços é preenchendo um formulário de reclamação em nosso site ou entrando em contato com nosso serviço de atendimento ao cliente pelo telefone [Número de Contato]."
9,Como posso dar minha opinião sobre a qualidade dos serviços do porto?,"Para dar sua opinião sobre a qualidade dos serviços, você pode preencher um formulário de feedback em nosso site ou entrar em contato com nosso serviço de atendimento ao cliente pelo telefone [Número de Contato]."
10,Em que horários o Porto do Itaqui está em operação?,"O Porto do Itaqui opera 24 horas por dia, todos os dias da semana, para atender às necessidades de nossos clientes."
10,Quais são os horários de funcionamento do Porto do Itaqui?,"Os horários de funcionamento do Porto do Itaqui são 24 horas por dia, sete dias por semana, para garantir que possamos atender nossos clientes a qualquer momento."
10,Qual é a programação de operação do Porto do Itaqui?,"A programação de operação do Porto do Itaqui é de 24 horas por dia, sete dias por semana, para atender às necessidades dos nossos clientes."
10,Em que horas posso utilizar os serviços do Porto do Itaqui?,"Você pode utilizar os serviços do Porto do Itaqui a qualquer hora, pois operamos 24 horas por dia, sete dias por semana."
10,O Porto do Itaqui está aberto durante a noite?,"Sim, o Porto do Itaqui está aberto durante a noite, pois operamos 24 horas por dia para atender às necessidades de nossos clientes."
10,Quais são os horários de atendimento do Porto do Itaqui?,"O Porto do Itaqui oferece atendimento 24 horas por dia, todos os dias da semana, para garantir que nossos clientes possam usar nossos serviços a qualquer momento."
10,O Porto do Itaqui tem horário de funcionamento limitado?,"Não, o Porto do Itaqui não tem horário de funcionamento limitado. Estamos disponíveis 24 horas por dia, sete dias por semana, para atender às necessidades de nossos clientes."
11,Existe espaço de armazenamento disponível no Porto do Itaqui?,"Oferecemos espaço de armazenamento seguro no porto. Para informações sobre logística de mercadorias, entre em contato com nosso departamento de logística"
12,Como faço para me candidatar a estágios no Porto do Itaqui?,"Para saber mais sobre oportunidades de estágio e emprego, visite nossa seção de 'Carreiras' em nosso site. Lá você encontrará informações sobre vagas abertas e o processo de candidatura."
12,Qual é o processo de candidatura a estágios no Porto do Itaqui?,"Para saber mais sobre oportunidades de estágio e emprego, visite nossa seção de 'Carreiras' em nosso site. Lá você encontrará informações sobre vagas abertas e o processo de candidatura."
12,Onde encontro informações sobre como me candidatar a estágios no Porto do Itaqui?,"Para saber mais sobre oportunidades de estágio e emprego, visite nossa seção de 'Carreiras' em nosso site. Lá você encontrará informações sobre vagas abertas e o processo de candidatura."
12,Quais são os passos para me candidatar a estágios no Porto do Itaqui?,"Para saber mais sobre oportunidades de estágio e emprego, visite nossa seção de 'Carreiras' em nosso site. Lá você encontrará informações sobre vagas abertas e o processo de candidatura."
12,Como posso me inscrever para estágios no Porto do Itaqui?,"Para saber mais sobre oportunidades de estágio e emprego, visite nossa seção de 'Carreiras' em nosso site. Lá você encontrará informações sobre vagas abertas e o processo de candidatura."
12,Quero saber como iniciar o processo de candidatura a estágios no Porto do Itaqui?,"Para saber mais sobre oportunidades de estágio e emprego, visite nossa seção de 'Carreiras' em nosso site. Lá você encontrará informações sobre vagas abertas e o processo de candidatura."
12,Quais são os requisitos para me candidatar a estágios no Porto do Itaqui?,"Para saber mais sobre oportunidades de estágio e emprego, visite nossa seção de 'Carreiras' em nosso site. Lá você encontrará informações sobre vagas abertas e o processo de candidatura."
12,O que devo fazer para concorrer a vagas de estágio no Porto do Itaqui?,"Para saber mais sobre oportunidades de estágio e emprego, visite nossa seção de 'Carreiras' em nosso site. Lá você encontrará informações sobre vagas abertas e o processo de candidatura."
12,Como faço para me tornar um estagiário no Porto do Itaqui?,"Para saber mais sobre oportunidades de estágio e emprego, visite nossa seção de 'Carreiras' em nosso site. Lá você encontrará informações sobre vagas abertas e o processo de candidatura."
12,O Porto do Itaqui tem vagas de estágio disponíveis?,"Para saber mais sobre oportunidades de estágio e emprego, visite nossa seção de 'Carreiras' em nosso site. Lá você encontrará informações sobre vagas abertas e o processo de candidatura."
12,Como posso me candidatar para uma vaga de estágio no Porto do Itaqui?,"Para saber mais sobre oportunidades de estágio e emprego, visite a seção 'Carreiras' em nosso site. Lá, você encontrará informações sobre vagas disponíveis e o processo de inscrição."
12,Quero saber sobre oportunidades de trabalho no Porto do Itaqui. Como posso me candidatar?,"Para saber mais sobre vagas de emprego e estágio, acesse a seção 'Carreiras' em nosso site. Você encontrará informações detalhadas sobre as vagas e o processo de candidatura."
12,Como faço para me inscrever para oportunidades de emprego no Porto do Itaqui?,"Para se candidatar a empregos e estágios no Porto do Itaqui, visite a seção 'Carreiras' em nosso site. Lá, você encontrará informações sobre vagas disponíveis e o processo de inscrição."
12,Quais são os requisitos para se candidatar a vagas de estágio no Porto do Itaqui?,"Para se candidatar a vagas de estágio, verifique a seção 'Carreiras' em nosso site. Os requisitos específicos para cada vaga serão detalhados lá."
12,Qual é o processo de inscrição para vagas de emprego no Porto do Itaqui?,"Para se candidatar a vagas de emprego, siga o processo de inscrição descrito na seção 'Carreiras' em nosso site. Lá, você encontrará todas as informações necessárias."
12,Como posso me candidatar para uma vaga de emprego no Porto do Itaqui?,"Para se candidatar a vagas de emprego e estágio, visite a seção 'Carreiras' em nosso site. Todas as informações sobre vagas disponíveis e o processo de inscrição estão lá."
12,Quero saber como iniciar o processo de candidatura para estágios no Porto do Itaqui. Como faço?,"Para iniciar o processo de candidatura a estágios, acesse a seção 'Carreiras' em nosso site. Você encontrará as instruções detalhadas lá."
12,O Porto do Itaqui tem oportunidades de estágio disponíveis atualmente?,"Para verificar as oportunidades de estágio atualmente disponíveis no Porto do Itaqui, consulte a seção 'Carreiras' em nosso site. Lá você encontrará informações atualizadas sobre vagas."